gene_id,coefficient,selection_frequency,bootstrap_frequency
100130256,-0.751239111446359,1,0.04
11082,-0.5472084956810861,1,NA
26281,-0.25169004220899804,1,0.08
(Intercept),2.220158974922431,NA,NA
